{
  "current_stage": 4,
  "current_idx": 1,
  "global_episode": 1500,
  "patience_counter": 800,
  "episode_counts": {
    "1L2Y": 130,
    "1YRF": 159,
    "1VII": 113,
    "2GB1": 136,
    "1ENH": 161,
    "1UBQ": 161,
    "1BDD": 319,
    "2HHB": 321
  },
  "rmsd_history": {
    "1L2Y": [
      18.57962417602539,
      13.121092796325684,
      19.868358612060547,
      16.233501434326172,
      6.337812900543213,
      17.112045288085938,
      17.633296966552734,
      22.984516143798828,
      15.907693862915039,
      13.739457130432129
    ],
    "1YRF": [
      28.655799865722656,
      31.265918731689453,
      18.996517181396484,
      31.71613121032715,
      20.211191177368164,
      26.949853897094727,
      19.354209899902344,
      28.801645278930664,
      32.00165939331055,
      26.017099380493164
    ],
    "1VII": [
      36.36827087402344,
      18.612201690673828,
      32.540443420410156,
      20.85883140563965,
      17.97856903076172,
      19.41999626159668,
      20.046913146972656,
      17.669376373291016,
      22.25760841369629,
      24.769866943359375
    ],
    "2GB1": [
      30.294288635253906,
      29.54939842224121,
      43.87260437011719,
      32.0440673828125,
      38.68595504760742,
      29.99848747253418,
      41.38855743408203,
      29.47936248779297,
      25.02736473083496,
      28.71858024597168
    ],
    "1ENH": [
      24.04464340209961,
      25.322738647460938,
      38.311702728271484,
      23.389001846313477,
      22.795589447021484,
      29.2590389251709,
      45.415592193603516,
      34.191043853759766,
      39.68975067138672,
      35.17333221435547
    ],
    "1UBQ": [
      18.4160213470459,
      21.654373168945312,
      20.30311393737793,
      37.618534088134766,
      49.86414337158203,
      34.699302673339844,
      24.018081665039062,
      26.45701789855957,
      17.759389877319336,
      20.575132369995117
    ],
    "1BDD": [
      32.21906661987305,
      20.118972778320312,
      18.080141067504883,
      34.420814514160156,
      39.93115997314453,
      36.92627716064453,
      40.51179122924805,
      24.648639678955078,
      40.372989654541016,
      23.705713272094727
    ],
    "2HHB": [
      75.30745697021484,
      82.97171783447266,
      108.5223388671875,
      74.44223022460938,
      69.94357299804688,
      105.83155059814453,
      35.4715576171875,
      86.83441925048828,
      72.93366241455078,
      107.06139373779297
    ]
  },
  "advancement_log": [
    {
      "global_episode": 100,
      "from": "1L2Y",
      "to": "1YRF",
      "stage": 1,
      "reason": "patience"
    },
    {
      "global_episode": 200,
      "from": "1YRF",
      "to": "1VII",
      "stage": 2,
      "reason": "patience"
    },
    {
      "global_episode": 300,
      "from": "1VII",
      "to": "2GB1",
      "stage": 2,
      "reason": "patience"
    },
    {
      "global_episode": 400,
      "from": "2GB1",
      "to": "1ENH",
      "stage": 3,
      "reason": "patience"
    },
    {
      "global_episode": 500,
      "from": "1ENH",
      "to": "1UBQ",
      "stage": 3,
      "reason": "patience"
    },
    {
      "global_episode": 600,
      "from": "1UBQ",
      "to": "1BDD",
      "stage": 4,
      "reason": "patience"
    },
    {
      "global_episode": 700,
      "from": "1BDD",
      "to": "2HHB",
      "stage": 4,
      "reason": "patience"
    }
  ]
}